aachen_ES,aachen,ES,Aquisgrán
aachen_PT,aachen,PT,Aquisgrano
agadir_LT,agadir,LT,Agadiras
aleksin_RO,aleksin,RO,Alexin
algiers_DE,algiers,DE,Algier
algiers_ET,algiers,ET,Alžiir
algiers_FI,algiers,FI,Alger
algiers_FR,algiers,FR,Alger
algiers_HR,algiers,HR,Alžir
algiers_HU,algiers,HU,Algír
algiers_IE,algiers,IE,Alger
algiers_IS,algiers,IS,Algeirsborg
algiers_IT,algiers,IT,Algeri
algiers_KG,algiers,KG,Alger
algiers_LT,algiers,LT,Alžyras
algiers_NO,algiers,NO,Alger
algiers_PL,algiers,PL,Algier
algiers_PT,algiers,PT,Argel
algiers_RO,algiers,RO,Alger
algiers_SK,algiers,SK,Alžír
algiers_TR,algiers,TR,Cezayir
altenburg_ES,altenburg,ES,Altenburgo
altenburg_FR,altenburg,FR,Altenbourg
altenburg_LT,altenburg,LT,Altenburgas
altenburg_PT,altenburg,PT,Altemburgo
annaba_HU,annaba,HU,Annába
annaba_LT,annaba,LT,Anaba
ansbach_LT,ansbach,LT,Ansbachas
argos_RO,argos,RO,argos
arta_RO,arta,RO,arta
artashat_RO,artashat,RO,Artașat
aschaffenburg_FR,aschaffenburg,FR,Aschaffenbourg
ashtarak_RO,ashtarak,RO,Aștarak
asilah_ES,asilah,ES,Arcila
asilah_IT,asilah,IT,Assila
asilah_LT,asilah,LT,Asila
asilah_PL,asilah,PL,Asila
asilah_PT,asilah,PT,Arzila
athens_RO,athens,RO,Atena
baghdad_RO,baghdad,RO,Bagdad
balkh_RO,balkh,RO,Balch
bamberg_IT,bamberg,IT,Bamberga
bamberg_LT,bamberg,LT,Bambergas
batna_PL,batna,PL,Batina
bechar_RO,bechar,RO,Bechar
belgrade_RO,belgrade,RO,Belgrad
berkane_ES,berkane,ES,Berkan
bezhetsk_RO,bezhetsk,RO,Bejețk
biskra_PL,biskra,PL,Biskira
bizerte_DE,bizerte,DE,Bizerta
bizerte_ES,bizerte,ES,Bizerta
bizerte_FI,bizerte,FI,Biserta
bizerte_IT,bizerte,IT,Biserta
bizerte_PL,bizerte,PL,Bizerta
blida_PL,blida,PL,Al-Bulajda
blida_TR,blida,TR,Buleyde
bolzano_RO,bolzano,RO,болцано
borovichi_RO,borovichi,RO,Borovici
bremen_ES,bremen,ES,Brema
bremen_FR,bremen,FR,Brême
bremen_HU,bremen,HU,Bréma
bremen_IT,bremen,IT,Brema
bremen_LT,bremen,LT,Brėmenas
bremen_PL,bremen,PL,Brema
bremen_SK,bremen,SK,Brémy
brugge_RO,brugge,RO,Bruges
bryansk_RO,bryansk,RO,Breansk
bukhara_RO,bukhara,RO,Buhara
cadiz_RO,cadiz,RO,Cádiz
carrickfergus_RO,carrickfergus,RO,Districtul Carrickfergus
cartagena_RO,cartagena,RO,Cartagena de Indias
chatenois_DE,chatenois,DE,Kestenholz
chemnitz_LT,chemnitz,LT,Chemnicas
chemnitz_SK,chemnitz,SK,Kamenica
cherepovets_RO,cherepovets,RO,Cerepoveț
chisinau_RO,chisinau,RO,Chișinău
chur_RO,chur,RO,Cuira
coblenz_ES,coblenz,ES,Coblenza
coblenz_IT,coblenz,IT,Coblenza
coblenz_LT,coblenz,LT,Koblencas
coblenz_PL,coblenz,PL,Koblencja
coblenz_PT,coblenz,PT,Coblença
constantine_ES,constantine,ES,Constantina
constantine_IT,constantine,IT,Constantina
constantine_PT,constantine,PT,Constantina
corunya_RO,corunya,RO,La Coruña
darmstadt_LT,darmstadt,LT,Darmštatas
debdou_ES,debdou,ES,Debdú
detmold_LT,detmold,LT,Detmoldas
deutz_DE,deutz,DE,Köln-Deutz
djelfa_PL,djelfa,PL,Dżilfa
dresden_ES,dresden,ES,Dresde
dresden_FR,dresden,FR,Dresde
dresden_HU,dresden,HU,Drezda
dresden_LT,dresden,LT,Dresdenas
dresden_PL,dresden,PL,Drezno
dresden_SK,dresden,SK,Drážďany
duisburg_FR,duisburg,FR,Duisbourg
duisburg_LT,duisburg,LT,Duisburgas
duisburg_PT,duisburg,PT,Duisburgo
dusseldorf_LT,dusseldorf,LT,Diuseldorfas
elche_RO,elche,RO,Elx
emmerich_ES,emmerich,ES,Emmerich am Rhein
epinal_LT,epinal,LT,Epinalis
erfurt_ES,erfurt,ES,Érfurt
erfurt_LT,erfurt,LT,Erfurtas
erlangen_LT,erlangen,LT,Erlangenas
fes_ES,fes,ES,Fez
fes_IT,fes,IT,Fez
fes_PL,fes,PL,Fez
fes_PT,fes,PT,Fez
fes_TR,fes,TR,Fes
forchheim_LT,forchheim,LT,Forchheimas
freiberg_PT,freiberg,PT,Freiberga
gabes_ES,gabes,ES,Gabes
gabes_LT,gabes,LT,Gabesas
gabes_PL,gabes,PL,Kabis
gabes_TR,gabes,TR,Gabes
galati_RO,galati,RO,Galați
gelnhausen_LT,gelnhausen,LT,Gelnhauzenas
genoa_RO,genoa,RO,Genova
gera_LT,gera,LT,Gėra
gottingen_ES,gottingen,ES,Gotinga
gottingen_IT,gottingen,IT,Gottinga
gottingen_LT,gottingen,LT,Getingenas
gottingen_PL,gottingen,PL,Getynga
gottingen_PT,gottingen,PT,Gotinga
guelma_LT,guelma,LT,Gelma
guelma_PL,guelma,PL,Kalima
heidelberg_LT,heidelberg,LT,Heidelbergas
heilbronn_LT,heilbronn,LT,Heilbronas
hof_LT,hof,LT,Hofas
ilion_RO,ilion,RO,ilion
jeddah_RO,jeddah,RO,Djedda
jena_FR,jena,FR,Iéna
jena_HU,jena,HU,Jéna
jena_LT,jena,LT,Jėna
jijel_LT,jijel,LT,Džidželis
jijel_PL,jijel,PL,Dżidżili
julich_LT,julich,LT,Julichas
kairouan_DE,kairouan,DE,Qairawān
kairouan_ES,kairouan,ES,Kairuán
kairouan_ET,kairouan,ET,Al-Qayrawān
kairouan_HR,kairouan,HR,Kairuan
kairouan_IT,kairouan,IT,Qayrawan
kairouan_LT,kairouan,LT,Kairuanas
kairouan_PL,kairouan,PL,Kairuan
kairouan_PT,kairouan,PT,Cairuão
kairouan_TR,kairouan,TR,Kayravan
kassala_RO,kassala,RO,Statul Kassala
kassel_FR,kassel,FR,Cassel
kassel_LT,kassel,LT,Kaselis
kasserine_LT,kasserine,LT,Kaserinas
kasserine_PL,kasserine,PL,Al-Kasrajn
kasserine_TR,kasserine,TR,Kassarin
kavala_RO,kavala,RO,kavala
kirishi_RO,kirishi,RO,Kiriși
kleve_ES,kleve,ES,Cléveris
kleve_PT,kleve,PT,Cleves
koln_ES,koln,ES,Colonia
koln_PT,koln,PT,Colônia
leipzig_HU,leipzig,HU,Lipcse
leipzig_IT,leipzig,IT,Lipsia
leipzig_LT,leipzig,LT,Leipcigas
leipzig_PL,leipzig,PL,Lipsk
leipzig_PT,leipzig,PT,Lípsia
leipzig_SK,leipzig,SK,Lipsko
liege_ES,liege,ES,Lieja
liege_FI,liege,FI,Liege
livny_RO,livny,RO,Livnî
london_RO,london,RO,Londra
lubny_RO,lubny,RO,Lubnî
luneberg_ES,luneberg,ES,Luneburgo
luneberg_FR,luneberg,FR,Lunebourg
luneberg_IT,luneberg,IT,Luneburgo
luneberg_PT,luneberg,PT,Luneburgo
luneburg_ES,luneburg,ES,Luneburgo
luneburg_FR,luneburg,FR,Lunebourg
luneburg_IT,luneburg,IT,Luneburgo
luneburg_PT,luneburg,PT,Luneburgo
luzern_RO,luzern,RO,Lucerna
magdeburg_AF,magdeburg,AF,Maagdenburg
magdeburg_ES,magdeburg,ES,Magdeburgo
magdeburg_FR,magdeburg,FR,Magdebourg
magdeburg_IT,magdeburg,IT,Magdeburgo
magdeburg_LT,magdeburg,LT,Magdeburgas
magdeburg_PT,magdeburg,PT,Magdeburgo
mahdia_LT,mahdia,LT,Mahdija
mahdia_PL,mahdia,PL,Al-Mahdijja
mahdia_TR,mahdia,TR,Mehdiye
mainz_ES,mainz,ES,Maguncia
mainz_FR,mainz,FR,Mayence
mainz_IT,mainz,IT,Magonza
mainz_LT,mainz,LT,Maincas
mainz_PL,mainz,PL,Moguncja
mainz_PT,mainz,PT,Mogúncia
medenine_IT,medenine,IT,Medenina
medenine_LT,medenine,LT,Medeninas
medenine_TR,medenine,TR,Medenin
megara_RO,megara,RO,megara
meissen_DE,meissen,DE,Meißen
meissen_ES,meissen,ES,Meißen
meissen_ET,meissen,ET,Meißen
meissen_FR,meissen,FR,Meißen
meissen_IT,meissen,IT,Misnia
meissen_PL,meissen,PL,Miśnia
meissen_PT,meissen,PT,Meißen
meknes_IT,meknes,IT,Meknes
meknes_NO,meknes,NO,Meknes
meknes_PL,meknes,PL,Meknes
merseburg_FR,merseburg,FR,Mersebourg
metz_LT,metz,LT,Mecas
metz_SK,metz,SK,Méty
misratah_FI,misratah,FI,Al Misratah
misratah_PL,misratah,PL,Misratah
misratah_TR,misratah,TR,Misrata
moers_LT,moers,LT,Mėrsas
mostaganem_LT,mostaganem,LT,Mostaganemas
mostaganem_PL,mostaganem,PL,Mustaghanam
nassau_ES,nassau,ES,Nasáu
nassau_LT,nassau,LT,Nasau
naumburg_ES,naumburg,ES,Naumburgo
naumburg_FR,naumburg,FR,Naumbourg
oran_ES,oran,ES,Orán
oran_HU,oran,HU,Orán
oran_IT,oran,IT,Orano
oran_LT,oran,LT,Oranas
oran_PT,oran,PT,Orã
orania_PT,orania,PT,Orânia
paderborn_LT,paderborn,LT,Paderbornas
palma_RO,palma,RO,Palma de Mallorca
pitesti_RO,pitesti,RO,Pitești
plauen_LT,plauen,LT,Plauenas
preveza_RO,preveza,RO,preveza
qina_RO,qina,RO,Qina
rabat_LT,rabat,LT,Rabatas
relizane_PL,relizane,PL,Prowincja Relizane
rethymno_RO,rethymno,RO,Rethymnon
rybinsk_RO,rybinsk,RO,Rîbinsk
rzhev_RO,rzhev,RO,rjev
saarbrucken_ES,saarbrucken,ES,Sarrebruck
saarbrucken_LT,saarbrucken,LT,Sarbriukenas
saida_DE,saida,DE,Saida
saida_IT,saida,IT,Saida
saida_LT,saida,LT,Saida
saida_PL,saida,PL,Sa’ida
saida_PT,saida,PT,Saida
sale_DE,sale,DE,Salé
sale_ES,sale,ES,Salé
sale_FR,sale,FR,Salé
sale_PL,sale,PL,Sala
santiago_RO,santiago,RO,Santiago de Chile
schmalkalden_ES,schmalkalden,ES,Esmalcalda
schmalkalden_IT,schmalkalden,IT,Smalcalda
schwerin_LT,schwerin,LT,Šverinas
serres_RO,serres,RO,serres
setif_LT,setif,LT,Setifas
setif_PL,setif,PL,Satif
setif_PT,setif,PT,Setif
setif_RO,setif,RO,Setif
setif_TR,setif,TR,Setif
sevilla_RO,sevilla,RO,Sevilia
sfax_HU,sfax,HU,Szfaksz
sfax_LT,sfax,LT,Sfaksas
sfax_PL,sfax,PL,Safakis
sfax_TR,sfax,TR,Safakes
shuya_RO,shuya,RO,Șuia
siracusa_RO,siracusa,RO,Siracuza
sitten_RO,sitten,RO,Sion
skikda_PL,skikda,PL,Sukajkida
speyer_ES,speyer,ES,Espira
speyer_IT,speyer,IT,Spira
speyer_PL,speyer,PL,Spira
surat_RO,surat,RO,Surat
tataouine_LT,tataouine,LT,Tatavinas
tataouine_PL,tataouine,PL,Tatawin
tataouine_TR,tataouine,TR,Tatavin
tebessa_DE,tebessa,DE,Tebessa
tebessa_LT,tebessa,LT,Tebesa
tebessa_PL,tebessa,PL,Tibissa
tebessa_PT,tebessa,PT,Tebessa
tebessa_RO,tebessa,RO,Tebessa
tehran_RO,tehran,RO,Teheran
tetouan_ES,tetouan,ES,Tetuán
tetouan_HR,tetouan,HR,Tetuan
tetouan_LT,tetouan,LT,Tetuanas
tetouan_PL,tetouan,PL,Tetuan
tetouan_TR,tetouan,TR,Tetuan
tiaret_LT,tiaret,LT,Tiaretas
tiaret_PL,tiaret,PL,Tijarat
tikhvin_RO,tikhvin,RO,Tihvin
timbuktu_RO,timbuktu,RO,Tombouctou
tlemcen_ES,tlemcen,ES,Tremecén
tlemcen_LT,tlemcen,LT,Tlemsenas
tlemcen_PL,tlemcen,PL,Tilimsan
tlemcen_TR,tlemcen,TR,Tilimsan
vasylkiv_RO,vasylkiv,RO,Vasîlkiv
vilnius_RO,vilnius,RO,Вильнюс
weimar_LT,weimar,LT,Veimaras
wetzlar_LT,wetzlar,LT,Veclaras
wiesbaden_LT,wiesbaden,LT,Vysbadenas
wipperfurth_LT,wipperfurth,LT,Viperfiurtas
wolfenbuttel_PT,wolfenbuttel,PT,Volfembutel
worms_LT,worms,LT,Vormsas
worms_PL,worms,PL,Wormacja
wurzburg_ES,wurzburg,ES,Wurzburgo
wurzburg_FR,wurzburg,FR,Wurtzbourg
wurzburg_LT,wurzburg,LT,Viurcburgas
wurzburg_PT,wurzburg,PT,Wurtzburgo
yalta_RO,yalta,RO,Ialta
yaroslavl_RO,yaroslavl,RO,Iaroslavl
zaranj_RO,zaranj,RO,Sarandsch
zeitz_LT,zeitz,LT,Ceicas
zulpich_DE,zulpich,DE,Zülpich
zulpich_FR,zulpich,FR,Tolbiac
zweibrucken_ES,zweibrucken,ES,Dos Puentes
zwickau_LT,zwickau,LT,Cvikau
